車次,行駛日,南港,台北,板橋,桃園,新竹,苗栗,台中,彰化,雲林,嘉義,台南,左營
0583,1234567,xxxxx,xxxxx,xxxxx,xxxxx,xxxxx,xxxxx,06:25,06:37,06:47,06:59,07:17,07:30
0803,1234567,06:15,06:26,06:34,06:49,07:02,07:13,07:32,07:45,07:56,08:10,08:28,08:40
0203,1234567,xxxxx,06:30,06:38,--:--,--:--,--:--,07:20,--:--,--:--,07:45,08:03,08:15
0805,1234567,07:00,07:11,07:19,07:34,07:47,07:58,08:17,08:30,08:41,08:55,09:13,09:25
0502,1234567,07:20,07:12,07:02,06:49,06:37,06:24,06:05,xxxxx,xxxxx,xxxxx,xxxxx,xxxxx
0609,1234-6-,07:35,07:46,07:55,08:10,08:22,--:--,08:48,--:--,--:--,09:14,09:33,09:45
0205,1234567,07:40,07:51,07:59,--:--,--:--,--:--,08:40,--:--,--:--,--:--,09:18,09:30
1504,12345--,07:45,07:37,07:27,07:14,07:02,06:49,06:30,xxxxx,xxxxx,xxxxx,xxxxx,xxxxx
0300,1234567,07:55,07:47,--:--,07:28,--:--,--:--,06:56,06:44,06:34,06:21,06:03,05:50
0809,1234567,08:00,08:11,08:19,08:34,08:47,08:58,09:17,09:30,09:41,09:55,10:13,10:25
0508,1------,08:10,08:01,07:50,07:38,07:25,07:12,06:52,xxxxx,xxxxx,xxxxx,xxxxx,xxxxx
1202,12345--,08:15,08:07,--:--,--:--,--:--,--:--,07:21,--:--,--:--,06:57,06:38,06:25
1510,12345--,08:30,08:21,08:10,07:58,07:45,07:31,07:12,xxxxx,xxxxx,xxxxx,xxxxx,xxxxx
0615,-----6-,08:35,08:46,08:55,09:10,09:22,--:--,09:48,--:--,--:--,10:14,10:33,10:45
1209,1234567,08:40,08:51,08:59,--:--,--:--,--:--,09:40,--:--,--:--,--:--,10:18,10:30
0802,1234567,08:40,08:32,08:22,08:10,07:58,07:45,07:25,07:13,07:00,06:48,06:29,06:15
1302,12345--,08:55,08:47,--:--,08:27,--:--,--:--,07:53,07:42,07:32,07:19,06:59,06:45
0813,1234567,09:00,09:11,09:19,09:34,09:47,09:58,10:17,10:30,10:41,10:55,11:13,11:25
0206,12345--,09:05,08:57,08:47,--:--,--:--,--:--,08:08,--:--,--:--,--:--,07:28,07:15
0606,1234567,09:10,09:02,08:51,08:38,08:25,--:--,08:00,--:--,--:--,07:32,07:13,07:00
1213,1234567,09:40,09:51,09:59,--:--,--:--,--:--,10:40,--:--,--:--,--:--,11:18,11:30
0806,1234567,09:50,09:42,09:32,09:20,09:08,08:56,08:36,08:24,08:12,08:00,07:41,07:25
0817,1234567,10:00,10:11,10:19,10:34,10:47,10:58,11:17,11:30,11:41,11:55,12:13,12:25
1210,1234567,10:05,09:57,09:47,--:--,--:--,--:--,09:08,--:--,--:--,--:--,08:28,08:15
1217,1234567,10:40,10:51,10:59,--:--,--:--,--:--,11:40,--:--,--:--,--:--,12:18,12:30
0810,1234567,10:50,10:42,10:32,10:20,10:08,09:56,09:36,09:24,09:12,09:00,08:41,08:25
0821,1234567,11:00,11:11,11:19,11:34,11:47,11:58,12:17,12:30,12:41,12:55,13:13,13:25
1214,1234567,11:05,10:57,10:47,--:--,--:--,--:--,10:08,--:--,--:--,--:--,09:28,09:15
1221,1234567,11:40,11:51,11:59,--:--,--:--,--:--,12:40,--:--,--:--,--:--,13:18,13:30
0814,1234567,11:50,11:42,11:32,11:20,11:08,10:56,10:36,10:24,10:12,10:00,09:41,09:25
0825,1234567,12:00,12:11,12:19,12:34,12:47,12:58,13:17,13:30,13:41,13:55,14:13,14:25
1218,1234567,12:05,11:57,11:47,--:--,--:--,--:--,11:08,--:--,--:--,--:--,10:28,10:15
1225,1234567,12:40,12:51,12:59,--:--,--:--,--:--,13:40,--:--,--:--,--:--,14:18,14:30
0818,1234567,12:50,12:42,12:32,12:20,12:08,11:56,11:36,11:24,11:12,11:00,10:41,10:25
0829,1234567,13:00,13:11,13:19,13:34,13:47,13:58,14:17,14:30,14:41,14:55,15:13,15:25
1222,1234567,13:05,12:57,12:47,--:--,--:--,--:--,12:08,--:--,--:--,--:--,11:28,11:15
0645,------7,13:35,13:46,13:55,14:10,14:22,--:--,14:48,--:--,--:--,15:14,15:33,15:45
1229,1234567,13:40,13:51,13:59,--:--,--:--,--:--,14:40,--:--,--:--,--:--,15:18,15:30
0822,1234567,13:50,13:42,13:32,13:20,13:08,12:56,12:36,12:24,12:12,12:00,11:41,11:25
0833,1234567,14:00,14:11,14:19,14:34,14:47,14:58,15:17,15:30,15:41,15:55,16:13,16:25
1226,1234567,14:05,13:57,13:47,--:--,--:--,--:--,13:08,--:--,--:--,--:--,12:28,12:15
0636,------7,14:10,14:02,13:51,13:38,13:25,--:--,13:00,--:--,--:--,12:32,12:13,12:00
1233,1234567,14:40,14:51,14:59,--:--,--:--,--:--,15:40,--:--,--:--,--:--,16:18,16:30
0826,1234567,14:50,14:42,14:32,14:20,14:08,13:56,13:36,13:24,13:12,13:00,12:41,12:25
0837,1234567,15:00,15:11,15:19,15:34,15:47,15:58,16:17,16:30,16:41,16:55,17:13,17:25
1230,1234567,15:05,14:57,14:47,--:--,--:--,--:--,14:08,--:--,--:--,--:--,13:28,13:15
1237,1234567,15:40,15:51,15:59,--:--,--:--,--:--,16:40,--:--,--:--,--:--,17:18,17:30
0830,1234567,15:50,15:42,15:32,15:20,15:08,14:56,14:36,14:24,14:12,14:00,13:41,13:25
0841,1234567,16:00,16:11,16:19,16:34,16:47,16:58,17:17,17:30,17:41,17:55,18:13,18:25
1234,1234567,16:05,15:57,15:47,--:--,--:--,--:--,15:08,--:--,--:--,--:--,14:28,14:15
0648,------7,16:10,16:02,15:51,15:38,15:25,--:--,15:00,--:--,--:--,14:32,14:13,14:00
0663,----5--,16:35,16:46,16:55,17:10,17:22,--:--,17:48,--:--,--:--,18:14,18:33,18:45
1241,1234567,16:40,16:51,16:59,--:--,--:--,--:--,17:40,--:--,--:--,--:--,18:18,18:30
0136,------7,16:40,16:31,16:21,--:--,--:--,--:--,15:39,--:--,--:--,--:--,--:--,14:55
0834,1234567,16:50,16:42,16:32,16:20,16:08,15:56,15:36,15:24,15:12,15:00,14:41,14:25
0845,1234567,17:00,17:11,17:19,17:34,17:47,17:58,18:17,18:30,18:41,18:55,19:13,19:25
1238,1234567,17:05,16:57,16:47,--:--,--:--,--:--,16:08,--:--,--:--,--:--,15:28,15:15
0667,----5--,17:10,17:21,17:29,17:43,17:56,--:--,18:25,--:--,--:--,18:50,19:07,19:20
0654,------7,17:10,17:02,16:51,16:38,16:25,--:--,16:00,--:--,--:--,15:32,15:13,15:00
0149,----5--,17:20,17:31,17:39,--:--,--:--,--:--,18:20,--:--,--:--,--:--,--:--,19:05
0669,12345--,17:35,17:46,17:55,18:10,18:22,--:--,18:48,--:--,--:--,19:14,19:33,19:45
1245,1234567,17:40,17:51,17:59,--:--,--:--,--:--,18:40,--:--,--:--,--:--,19:18,19:30
0140,------7,17:40,17:31,17:21,--:--,--:--,--:--,16:39,--:--,--:--,--:--,--:--,15:55
0838,1234567,17:50,17:42,17:32,17:20,17:08,16:56,16:36,16:24,16:12,16:00,15:41,15:25
0849,1234567,18:00,18:11,18:19,18:34,18:47,18:58,19:17,19:30,19:41,19:55,20:13,20:25
0242,1234567,18:05,17:57,17:47,--:--,--:--,--:--,17:08,--:--,--:--,--:--,16:28,16:15
0673,12345--,18:10,18:21,18:29,18:43,18:56,--:--,19:25,--:--,--:--,19:50,20:07,20:20
0660,------7,18:10,18:02,17:51,17:38,17:25,--:--,17:00,--:--,--:--,16:32,16:13,16:00
0153,----5--,18:20,18:31,18:39,--:--,--:--,--:--,19:20,--:--,--:--,--:--,--:--,20:05
1549,----5--,18:25,18:36,18:46,19:01,19:12,19:25,19:42,xxxxx,xxxxx,xxxxx,xxxxx,xxxxx
0675,12345--,18:35,18:46,18:55,19:10,19:22,--:--,19:48,--:--,--:--,20:14,20:33,20:45
0249,1234567,18:40,18:51,18:59,--:--,--:--,--:--,19:40,--:--,--:--,--:--,20:18,20:30
0144,1234567,18:40,18:31,18:21,--:--,--:--,--:--,17:39,--:--,--:--,--:--,--:--,16:55
0842,1234567,18:50,18:42,18:32,18:20,18:08,17:56,17:36,17:24,17:12,17:00,16:41,16:25
0853,1234567,19:00,19:11,19:19,19:34,19:47,19:58,20:17,20:30,20:41,20:55,21:13,21:25
1246,1234567,19:05,18:57,18:47,--:--,--:--,--:--,18:08,--:--,--:--,--:--,17:28,17:15
1679,----5--,19:10,19:21,19:29,19:43,19:56,--:--,20:25,--:--,--:--,20:50,21:07,21:20
0666,1234–7,19:10,19:02,18:51,18:38,18:25,--:--,18:00,--:--,--:--,17:32,17:13,17:00
0157,----5--,19:20,19:31,19:39,--:--,--:--,--:--,20:20,--:--,--:--,--:--,--:--,21:05
0681,----5--,19:35,19:46,19:55,20:10,20:22,--:--,20:48,--:--,--:--,21:14,21:33,21:45
1253,1234567,19:40,19:51,19:59,--:--,--:--,--:--,20:40,--:--,--:--,--:--,21:18,21:30
0148,------7,19:40,19:31,19:21,--:--,--:--,--:--,18:39,--:--,--:--,--:--,--:--,17:55
0670,------7,19:45,19:36,19:25,19:11,18:57,--:--,18:32,--:--,--:--,18:08,17:48,17:35
0846,1234567,19:50,19:42,19:32,19:20,19:08,18:56,18:36,18:24,18:12,18:00,17:41,17:25
0857,1234567,20:00,20:11,20:19,20:34,20:47,20:58,21:17,21:30,21:41,21:55,22:13,22:25
1250,1234567,20:05,19:57,19:47,--:--,--:--,--:--,19:08,--:--,--:--,--:--,18:28,18:15
0672,------7,20:10,20:02,19:51,19:38,19:25,--:--,19:00,--:--,--:--,18:32,18:13,18:00
1257,1234567,20:40,20:51,20:59,--:--,--:--,--:--,21:40,--:--,--:--,--:--,22:18,22:30
0152,------7,20:40,20:31,20:21,--:--,--:--,--:--,19:39,--:--,--:--,--:--,--:--,18:55
0676,------7,20:45,20:36,20:25,20:11,19:57,--:--,19:32,--:--,--:--,19:08,18:48,18:35
0850,1234567,20:50,20:42,20:32,20:20,20:08,19:56,19:36,19:24,19:12,19:00,18:41,18:25
1326,------7,20:55,20:47,--:--,20:27,--:--,--:--,19:53,19:41,19:31,19:19,18:58,18:45
1335,----5--,21:00,21:11,--:--,21:30,--:--,--:--,22:04,22:16,22:27,22:40,22:58,23:10
1863,1234567,21:05,21:16,21:24,21:39,21:51,22:03,22:21,22:23,22:44,22:57,23:18,23:30
1254,1234567,21:05,20:57,20:47,--:--,--:--,--:--,20:08,--:--,--:--,--:--,19:28,19:15
0678,------7,21:10,21:02,20:51,20:38,20:25,--:--,20:00,--:--,--:--,19:32,19:13,19:00
1259,1234567,21:35,21:46,21:54,--:--,--:--,--:--,22:35,--:--,--:--,--:--,23:12,23:25
0156,------7,21:40,21:31,21:21,--:--,--:--,--:--,20:39,--:--,--:--,--:--,--:--,19:55
1682,------7,21:45,21:36,21:25,21:11,20:57,--:--,20:32,--:--,--:--,20:08,19:48,19:35
0854,1234567,21:50,21:42,21:32,21:20,21:08,20:56,20:36,20:24,20:12,20:00,19:41,19:25
1328,------7,21:55,21:47,--:--,21:27,--:--,--:--,20:53,20:41,20:31,20:19,19:58,19:45
1258,1234567,22:05,21:57,21:47,--:--,--:--,--:--,21:08,--:--,--:--,--:--,20:28,20:15
0684,------7,22:10,22:02,21:51,21:38,21:25,--:--,21:00,--:--,--:--,20:32,20:13,20:00
0565,1234567,22:15,22:26,22:35,22:48,23:00,23:12,23:29,xxxxx,xxxxx,xxxxx,xxxxx,xxxxx
0160,------7,22:40,22:31,22:21,--:--,--:--,--:--,21:39,--:--,--:--,--:--,--:--,20:55
1688,------7,22:45,22:36,22:25,22:11,21:57,--:--,21:32,--:--,--:--,21:08,20:48,20:35
0858,1234567,22:50,22:42,22:32,22:20,22:08,21:56,21:36,21:24,21:12,21:00,20:41,20:25
1330,------7,22:55,22:47,--:--,22:27,--:--,--:--,21:54,21:42,21:31,21:19,20:58,20:45
1692,1234567,23:10,23:02,22:51,22:38,22:25,--:--,22:00,--:--,--:--,21:32,21:13,21:00
1260,1234567,23:25,23:17,23:07,--:--,--:--,--:--,22:28,--:--,--:--,--:--,21:48,21:35
1860,1234567,23:30,23:22,23:11,22:58,22:45,22:32,22:13,22:01,21:50,21:38,21:19,21:05
0596,1234567,xxxxx,xxxxx,xxxxx,xxxxx,xxxxx,xxxxx,23:30,23:19,23:09,22:57,22:38,22:25
